Tip Matrice,Nr threads,Timp executie
,0,0.0792
,4,0.80586
,0,41.29064
,2,34.97358
,4,36.69985
,8,109.24137
,16,162.47536
,0,25.28848
,2,0.85194
,0,43.24414
,2,1.14521
,4,1.40264
,4,1.13353
,4,61.83977
,4,60.877
,0,42.44545
,2,56.80476
,4,61.69143
,8,70.6964
,8,71.6098
,16,90.47949
,0,15.52742
,2,18.97037
,4,29.94551
,8,20.35047
,16,22.99065
,0,0.13073
,4,0.99585
,0,56.94892
,2,49.33796
,4,45.7855
,8,151.07461
,16,273.88357
